turtwig-119-110-planta-null-null-grotle-1
grotle-157-143-planta-null-turtwig-torterra-2
torterra-202-188-planta-tierra-grotle-null-3
chimchar-113-86-fuego-null-null-monferno-1
monferno-158-105-fuego-lucha-chimchar-infernape-2
infernape-222-151-fuego-lucha-monferno-null-3
piplup-112-102-agua-null-null-prinplup-1
prinplup-150-139-agua-null-piplup-empoleon-2
empoleon-210-186-agua-acero-prinplup-null-3
buizel-132-67-agua-null-null-floatzel-1
floatzel-221-114-agua-null-buizel-null-2
aipom-136-112-normal-null-null-ambipom-1
ambipom-205-143-normal-null-aipom-null-2
shieldon-76-195-roca-acero-null-bastiodon-1
bastiodon-94-286-roca-acero-shieldon-null-2
bidoof-80-73-normal-null-null-bibarel-1
bibarel-162-119-normal-agua-bidoof-null-2
bronzor-43-154-acero-psiquico-null-bronzong-1
bronzong-161-213-acero-psiquico-bronzor-null-2
budew-91-109-planta-veneno-null-roselia-1
roselia-186-131-planta-veneno-budew-roserade-2
roserade-243-185-planta-veneno-roselia-null-3
buneary-130-105-normal-null-null-lopunny-1
lopunny-156-194-normal-null-buneary-null-2
burmy-53-83-bicho-null-null-mothim-1
mothim-185-98-bicho-volador-burmy-null-2
cherubi-108-92-planta-null-null-cherrim-1
cherrim-170-153-planta-null-cherubi-null-2
chingling-114-94-psiquico-null-null-null-1
combee-59-83-bicho-volador-null-vespiquen-1
vespiquen-149-190-bicho-volador-combee-null-2
cranidos-218-71-roca-null-null-rampardos-1
rampardos-295-109-roca-null-cranidos-null-2
drifloon-117-80-fantasma-volador-null-drifblim-1
drifblim-180-102-fantasma-volador-drifloon-null-2
shellos-103-105-agua-null-null-gastrodon-1
gastrodon-169-143-agua-tierra-shellos-null-2
glameow-109-82-normal-null-null-purugly-1
purugly-172-133-normal-null-glameow-null-2
murkrow-175-87-siniestro-volador-null-honchkrow-1
honchkrow-243-103-siniestro-volador-murkrow-null-2
kricketot-45-74-bicho-null-null-kricketune-1
kricketune-160-100-bicho-null-kricketot-null-2
shinx-117-64-electrico-null-null-luxio-1
luxio-159-95-electrico-null-shinx-luxray-2
luxray-232-156-electrico-null-luxio-null-3
misdreavus-167-154-fantasma-null-null-mismagius-1
mismagius-211-187-fantasma-null-misdreavus-null-2
pachirisu-94-172-electrico-null-null-null-1
stunky-121-90-veneno-siniestro-null-skuntank-1
skuntank-184-132-veneno-siniestro-stunky-null-2
starly-101-58-normal-volador-null-staravia-1
staravia-142-94-normal-volador-starly-staraptor-2
staraptor-234-140-normal-volador-staravia-null-3
